Time_s,Raw_Signal,"Butterworth (Fc=50Hz, N=4)","Butterworth (Fc=40Hz, N=4)","Butterworth (Fc=30Hz, N=4)","Butterworth (Fc=20Hz, N=4)"
0.0,17.720045146669353,17.720045146669353,17.713035559142,17.721859090008504,17.720026642455593
0.01,18.38477631085024,18.38477631085024,18.052457104563175,18.445477658328773,19.024745379033476
0.02,19.697715603592208,19.697715603592208,20.273603938814265,20.113334504887696,19.798829738535012
0.03,21.540659228538015,21.540659228538015,20.8949589943879,20.430254563160357,19.89241185208966
0.04,18.027756377319946,18.027756377319946,18.53465909449079,19.2158465958794,19.66102531832839
0.05,19.4164878389476,19.4164878389476,19.238234940936522,19.063720006931106,19.540858068521405
0.06,20.615528128088304,20.615528128088304,20.341404533798517,19.809748077377193,19.482767245615477
0.07,18.027756377319946,18.027756377319946,18.785739921781502,19.517890024457618,19.079955776396854
0.08,19.6468827043885,19.6468827043885,18.46621208956646,18.21364018764858,18.271733955670527
0.09,16.15549442140351,16.15549442140351,17.623411918539535,17.15485716522513,17.580492097329902
0.1,18.110770276274835,18.110770276274835,16.539020575821024,17.314750248796813,17.497131515967155
0.11,17.11724276862369,17.11724276862369,18.589086097054864,18.256103979340807,17.882728714279473
0.12,20.223748416156685,20.223748416156685,19.04640866354125,18.517054357243794,18.22927865533854
0.13,16.401219466856727,16.401219466856727,17.132232810664796,18.161509793768268,18.35429724934364
0.14,19.026297590440446,19.026297590440446,18.817056501505967,18.190277418309204,18.502453082243335
0.15,19.4164878389476,19.4164878389476,19.125070398509237,18.684742133885443,18.808155334898963
0.16,17.46424919657298,17.46424919657298,18.146340034939115,19.424616816745722,19.042478599274197
0.17,21.470910553583888,21.470910553583888,20.55890146002637,19.49060068430459,19.039791953306935
0.18,17.69180601295413,17.69180601295413,18.675119472243722,18.558435265966192,19.079071845074164
0.19,18.60107523773827,18.60107523773827,17.661674188163154,18.889403854438687,19.503610869922113
0.2,21.095023109728984,21.095023109728984,21.92831387528392,20.69624941614314,20.083245851150846
0.21,21.213203435596427,21.213203435596427,20.5159439716652,20.72442459552127,20.184815248463664
0.22,17.69180601295413,17.69180601295413,18.225696315810154,19.031408814836304,19.600712044012212
0.23,19.849433241279208,19.849433241279208,19.51811379914107,18.519010839822187,18.828949297545307
0.24,18.38477631085024,18.38477631085024,18.472074405432267,18.942162657128215,18.491574992395424
0.25,18.439088914585774,18.439088914585774,18.616063765606157,18.825026807900713,18.75911428287825
0.26,20.024984394500787,20.024984394500787,19.603477776691932,18.95995253155719,19.33613020650571
0.27,18.60107523773827,18.60107523773827,19.206131584811786,19.899178149338333,19.779785786298213
0.28,21.18962010041709,21.18962010041709,20.48692278687413,20.186728485581334,19.82702510059594
0.29,18.973665961010276,18.973665961010276,19.685965624413676,19.30174392618637,19.549260382184706
0.3,18.681541692269406,18.681541692269406,18.034296395956822,18.88797676677529,19.198926560844633
0.31,19.313207915827967,19.313207915827967,19.835940899238917,19.215384655998,18.902038208506653
0.32,19.313207915827967,19.313207915827967,18.965231198099126,18.77715980944705,18.604948996606335
0.33,17.029386365926403,17.029386365926403,17.16086429869685,18.01676671918498,18.305395577916276
0.34,18.867962264113206,18.867962264113206,18.97364923115257,18.171734176270846,18.157005841793037
0.35,18.681541692269406,18.681541692269406,18.35920695025312,18.496445635465246,18.301635107879477
0.36,17.4928556845359,17.4928556845359,17.958789489160587,18.511433240105763,18.685422615489294
0.37,20.248456731316587,20.248456731316587,19.752984438921978,18.94107005742189,19.05569484477678
0.38,18.439088914585778,18.439088914585778,18.843782184136344,19.427891319226447,19.151538876139547
0.39,19.313207915827967,19.313207915827967,19.082872909828648,19.038864399372535,18.948297571266227
0.4,18.867962264113206,18.867962264113206,18.906716670949393,18.347676743386657,18.67352252801692
0.41,17.46424919657298,17.46424919657298,17.56728792356351,18.443650734364688,18.512696951525896
0.42,19.4164878389476,19.4164878389476,19.259608538625784,18.666170092819854,18.374533132643922
0.43,18.110770276274835,18.110770276274835,18.2384947779276,18.05284979418567,18.06951630067705
0.44,16.76305461424021,16.76305461424021,16.707562064738084,17.54307929477418,17.660697560331954
0.45,18.38477631085024,18.38477631085024,18.375546698606584,17.62346500270902,17.469828603378836
0.46,17.46424919657298,17.46424919657298,17.49399583965127,17.520713909266018,17.698377562036253
0.47,17.26267650163207,17.26267650163207,17.26870749206497,17.85723942257085,18.121409887910268
0.48,19.313207915827967,19.313207915827967,19.22184270021499,18.718687022214333,18.259674005668217
0.49,18.027756377319946,18.027756377319946,18.241790814069894,18.21022415256109,17.9370792397229
0.5,17.08800749063506,17.08800749063506,16.722340914564526,17.000455094219323,17.567248540105957
0.51,17.0,17.0,17.54214887896063,17.542580669384172,17.68907093259277
0.52,19.723082923316017,19.723082923316017,18.985011051860987,18.729229166977547,18.28870614891555
0.53,17.804493814764854,17.804493814764854,18.74464090489549,18.718070491531726,18.808985172255856
0.54,19.209372712298546,19.209372712298546,18.08683090144824,18.642795516551544,18.80527378652161
0.55,18.110770276274835,18.110770276274835,19.357581456710705,18.782476849238805,18.441158393504978
0.56,19.6468827043885,19.6468827043885,18.37673715291526,18.236596908522856,18.321950232249804
0.57,16.278820596099706,16.278820596099706,17.441467065006677,18.35142358289635,18.817209964566068
0.58,21.470910553583888,21.470910553583888,20.544531015567323,19.6520013841926,19.52370264295946
0.59,19.313207915827967,19.313207915827967,19.91625914606136,19.953305657358264,19.567351362170495
0.6,18.027756377319946,18.027756377319946,17.766280756935487,18.63341043441739,18.569596053090837
0.61,18.027756377319946,18.027756377319946,17.997306815568642,16.992910963565322,17.167208019430177
0.62,15.556349186104047,15.556349186104047,15.789318804016629,16.080689155067116,16.412398138573383
0.63,16.492422502470642,16.492422502470642,16.147411259128596,16.72567647326077,16.710333503945186
0.64,18.35755975068582,18.35755975068582,18.751347971927125,17.944383341113294,17.474471634488914
0.65,17.88854381999832,17.88854381999832,17.47552095558764,17.767022807651543,17.819270633506864
0.66,16.278820596099706,16.278820596099706,16.70389687954109,17.01740089516626,17.43953893757518
0.67,17.88854381999832,17.88854381999832,17.45236420887879,17.059227020588445,16.78848870161541
0.68,16.401219466856727,16.401219466856727,16.84393133108468,16.89632948894282,16.596004449762354
0.69,17.0,17.0,16.559483069248756,16.720392815839503,17.250422758194706
0.7,17.804493814764854,17.804493814764854,18.23593866035649,18.20694333209444,18.43305737420271
0.71,20.615528128088304,20.615528128088304,20.18970307603363,20.03083322319594,19.327167081307913
0.72,18.973665961010276,18.973665961010276,19.414540818348197,19.56022136388444,19.35125441828857
0.73,18.35755975068582,18.35755975068582,17.863127115320385,17.853604749887936,18.645563676849413
0.74,17.11724276862369,17.11724276862369,17.712425644750937,17.57100380450342,17.757574051160795
0.75,18.38477631085024,18.38477631085024,17.650840097641108,17.976328068325557,17.0959560212562
0.76,16.492422502470642,16.492422502470642,17.373552744532972,16.984855029640343,16.86238176626221
0.77,17.11724276862369,17.11724276862369,16.124177813554454,16.156066598357555,17.140697567810815
0.78,16.0312195418814,16.0312195418814,17.057384201485362,17.64973500791735,17.67816156711318
0.79,20.591260281974,20.591260281974,19.636374217177863,18.86672457756181,17.881227998781206
0.8,16.492422502470642,16.492422502470642,17.276967122742192,17.402513830909253,17.466396349770967
0.81,16.0,16.0,15.449917274238134,16.15507580873692,16.907675137412824
0.82,17.46424919657298,17.46424919657298,17.764461234289975,16.982843296119466,16.864223298591472
0.83,17.69180601295413,17.69180601295413,17.614256455911416,17.652971149124337,17.350187226381838
0.84,17.11724276862369,17.11724276862369,17.024590377732906,17.678918374340356,17.792330082167744
0.85,18.35755975068582,18.35755975068582,18.559555701643127,17.993399820954323,17.795728740731338
0.86,18.0,18.0,17.74640246607806,17.65349886391281,17.58903777933987
0.87,16.278820596099706,16.278820596099706,16.538550024717033,17.08258249000092,17.653258416532218
0.88,18.681541692269406,18.681541692269406,18.438727713368486,18.032654365812142,18.050744518803224
0.89,18.867962264113206,18.867962264113206,19.101494853915494,19.106653940528346,18.364115492571745
0.9,18.35755975068582,18.35755975068582,18.09627438328839,18.33674882790715,18.33253494459856
0.91,17.46424919657298,17.46424919657298,17.803903624161606,17.475129214261436,18.213684230473188
0.92,18.38477631085024,18.38477631085024,17.929971572583966,18.31561075973829,18.32623623035167
0.93,18.867962264113206,18.867962264113206,19.432058511930705,19.160467498698257,18.55942196596846
0.94,19.4164878389476,19.4164878389476,18.808387521788458,18.64881154229932,18.633705132109334
0.95,17.08800749063506,17.08800749063506,17.621764218956415,18.255384868828124,18.606341002207284
0.96,19.723082923316017,19.723082923316017,19.403225686790456,18.744393984774046,18.76607580635592
0.97,19.026297590440446,19.026297590440446,19.018247453504067,19.148670114137964,19.108768968423544
0.98,18.38477631085024,18.38477631085024,18.767392182538813,19.252823757973523,19.208962498936703
0.99,20.248456731316587,20.248456731316587,19.530352883473526,18.90430055576821,18.693356236830983
1.0,16.492422502470642,16.492422502470642,17.43308230969973,17.656253626000176,17.73857204588142
1.01,17.46424919657298,17.46424919657298,16.452914935173474,16.702043542326486,16.997197674319466
1.02,16.55294535724685,16.55294535724685,17.48690362486471,17.164900735873324,17.022359152328125
1.03,18.788294228055936,18.788294228055936,18.03917698942766,18.057570861792826,17.80834598858381
1.04,17.804493814764854,17.804493814764854,18.32472683094403,18.59199681002473,18.824591375502273
1.05,19.697715603592208,19.697715603592208,19.38121898079283,19.14348558717408,19.383135408582184
1.06,19.313207915827967,19.313207915827967,19.508027139394102,19.431475881284513,19.106562503759758
1.07,18.439088914585778,18.439088914585778,18.25575932746618,18.68572624386027,18.29828787216622
1.08,17.69180601295413,17.69180601295413,17.963140744562725,17.43674341545745,17.802415949515947
1.09,17.804493814764854,17.804493814764854,17.393267510829187,17.571631762457564,18.19538407366744
1.1,18.439088914585778,18.439088914585778,18.973556009891425,19.40984125078179,19.076487079255386
1.11,21.540659228538015,21.540659228538015,20.963100808945878,20.201290717944033,19.450147141206873
1.12,17.69180601295413,17.69180601295413,18.19919465359245,18.629501520361543,18.88953115711832
1.13,17.46424919657298,17.46424919657298,17.13111510817636,17.362560407746592,18.011530448937336
1.14,18.35755975068582,18.35755975068582,18.4559519055347,17.887947505331802,17.689870152470835
1.15,18.0,18.0,18.140665520529502,18.50884118506954,18.123653932851234
1.16,18.973665961010276,18.973665961010276,18.63566073794435,18.649646775248428,18.82795610032041
1.17,18.867962264113206,18.867962264113206,19.338982043662043,19.134203956498947,19.244966032579818
1.18,19.723082923316017,19.723082923316017,19.181051331864722,19.353048694531843,19.157545061050804
1.19,18.027756377319946,18.027756377319946,18.599069184437898,18.552428104014844,18.66258908662928
1.2,18.439088914585774,18.439088914585774,17.85296072037634,17.738161372607358,17.967076685360645
1.21,16.76305461424021,16.76305461424021,17.37227547021043,17.604827487329295,17.288824439040866
1.22,17.88854381999832,17.88854381999832,17.239449230989337,17.145249752317184,16.887333356238425
1.23,16.1245154965971,16.1245154965971,16.818477247806335,16.464409589030915,16.984471616056737
1.24,17.26267650163207,17.26267650163207,16.55132511910624,17.23777062745001,17.485607339424803
1.25,18.248287590894655,18.248287590894655,18.90428601994831,18.552309456057493,17.919218192442926
1.26,19.1049731745428,19.1049731745428,18.617186622992186,18.07807528976683,17.91716504149057
1.27,15.811388300841896,15.811388300841896,16.007489205332597,17.137289478014488,17.67714764084098
1.28,18.248287590894655,18.248287590894655,18.429868534207777,17.67725608112967,17.68293030790553
1.29,19.1049731745428,19.1049731745428,18.543015759218765,18.270734390541286,18.031549944299037
1.3,16.278820596099706,16.278820596099706,17.123124071965762,18.125981218765613,18.289556902013693
1.31,20.0,20.0,19.047005584724673,18.14735878155384,18.030467075944582
1.32,16.55294535724685,16.55294535724685,17.424361695424672,17.69279379250566,17.389704970253597
1.33,17.029386365926403,17.029386365926403,16.38044686618155,16.651682071417145,16.994757708604364
1.34,17.0,17.0,17.378234776702495,16.888031408452726,17.274176452426317
1.35,17.88854381999832,17.88854381999832,17.73295573173089,18.28122281960888,17.915362174277938
1.36,19.026297590440446,19.026297590440446,19.069488511336292,18.569536225516728,18.198258197519806
1.37,17.46424919657298,17.46424919657298,17.415101134295043,17.60008991903602,17.833475590630695
1.38,16.492422502470642,16.492422502470642,16.62466984067875,16.997149683983864,17.23824304608641
1.39,18.0,18.0,17.772527684713616,16.996069366378187,16.968567077799424
1.4,16.278820596099706,16.278820596099706,16.55719457616439,17.183327417845028,17.11885845167206
1.41,17.804493814764854,17.804493814764854,17.544960944126444,17.563242478396056,17.378719382127247
1.42,18.0,18.0,18.179287180059063,17.554029641472045,17.50149528930666
1.43,16.55294535724685,16.55294535724685,16.4874957406032,17.17466451683783,17.519512783748898
1.44,17.720045146669353,17.720045146669353,17.666563614878875,17.447682263029336,17.52341740604116
1.45,18.027756377319946,18.027756377319946,18.186438662649692,17.87952865634757,17.466874140541847
1.46,17.11724276862369,17.11724276862369,16.8784450660444,17.381430098352677,17.33163096746501
1.47,17.029386365926403,17.029386365926403,17.311001359589646,16.922178585202197,17.30577457605608
1.48,17.69180601295413,17.69180601295413,17.421813638971102,17.574251864181804,17.586197486467256
1.49,18.027756377319946,18.027756377319946,18.215725175260506,18.369637099158513,18.08882014440337
1.5,19.026297590440446,19.026297590440446,18.99131125910744,18.484445643043784,18.518754866885754
1.51,18.027756377319946,18.027756377319946,17.867539543626997,18.54566945111013,18.676082906514978
1.52,18.681541692269406,18.681541692269406,19.018183403327072,18.641657366146703,18.58539978471405
1.53,19.1049731745428,19.1049731745428,18.68902582667599,18.353521201995612,18.386897738431013
1.54,16.970562748477143,16.970562748477143,17.303425543932924,18.223300669203525,18.201545088683424
1.55,19.1049731745428,19.1049731745428,19.036945301025344,18.22121009259365,18.07214909623273
1.56,18.0,18.0,17.66554941148228,17.723097066893793,17.950759538425128
1.57,16.1245154965971,16.1245154965971,16.90081802952067,17.564576707748998,17.724123647871238
1.58,19.6468827043885,19.6468827043885,18.5083243052116,17.8130523264957,17.330456937347684
1.59,15.524174696260024,15.524174696260024,16.847561292161892,16.992610123743646,16.91941163905482
1.6,17.11724276862369,17.11724276862369,15.831536729847134,16.10783673856102,16.782937199790577
1.61,16.15549442140351,16.15549442140351,17.19980551961089,17.054437508305483,17.020507944382114
1.62,19.1049731745428,19.1049731745428,18.431617088880934,18.21415892781872,17.441970871841267
1.63,17.26267650163207,17.26267650163207,17.542826440194865,17.821961712236632,17.890452299904382
1.64,17.46424919657298,17.46424919657298,17.489599005881317,17.531735550242914,18.35925380554597
1.65,19.235384061671347,19.235384061671347,19.071905161965226,18.634100584450735,18.66459751308418
1.66,18.60107523773827,18.60107523773827,18.712040453852325,19.329327428978615,18.444749977929142
1.67,18.35755975068582,18.35755975068582,18.447776403933688,18.026721084519252,17.784617793399597
1.68,17.029386365926403,17.029386365926403,16.68256948445613,16.535827142688152,17.422076325267014
1.69,16.1245154965971,16.1245154965971,16.672703492235815,17.40244621885669,17.85132897604278
1.7,20.591260281974,20.591260281974,19.9827760773315,19.193987339889688,18.491281753818953
1.71,18.110770276274835,18.110770276274835,18.61059566318536,18.8473856291027,18.34172046629541
1.72,17.029386365926403,17.029386365926403,16.768170400924635,17.13744180696402,17.415649422883813
1.73,17.08800749063506,17.08800749063506,17.067971468780208,16.591225931599524,16.931392950462893
1.74,17.204650534085253,17.204650534085253,17.448443271944804,17.609913796850424,17.86928690487665
1.75,20.0,20.0,19.66680661067801,19.708890052363596,19.69179307293671
1.76,21.095023109728988,21.095023109728988,21.353739148630744,21.506792100198634,20.83249453096802
1.77,21.095023109728988,21.095023109728988,21.050373041890225,20.66781286166376,20.396923276514713
1.78,18.38477631085024,18.38477631085024,18.143112560785653,18.25279443646172,19.05884076322024
1.79,16.76305461424021,16.76305461424021,17.277086495328085,17.81014472430496,18.137210686628812
1.8,20.248456731316587,20.248456731316587,19.550593702887596,18.771251050913634,18.11068811472327
1.81,17.4928556845359,17.4928556845359,18.248148414190286,18.48743656798996,18.37274230853186
1.82,18.027756377319946,18.027756377319946,17.334307874280636,17.857691442498563,18.223872640921982
1.83,18.027756377319946,18.027756377319946,18.58107045749413,17.906347749729974,17.68932139316445
1.84,17.720045146669353,17.720045146669353,17.331700595505172,17.45621625158659,17.368597434506334
1.85,16.55294535724685,16.55294535724685,16.798669414421006,17.227878281686422,17.696569304903512
1.86,19.026297590440446,19.026297590440446,18.869590150293952,18.47499624724894,18.418277154063766
1.87,19.313207915827967,19.313207915827967,19.44699298389429,19.371601023081446,18.831517490070738
1.88,18.248287590894655,18.248287590894655,18.078147078743662,18.494872494437253,18.551053484729202
1.89,17.4928556845359,17.4928556845359,17.733937309826313,17.399408467076434,17.87925290304557
1.9,17.720045146669353,17.720045146669353,17.40958863845301,17.376158170417384,17.381542418593035
1.91,17.0,17.0,17.342938760089282,17.72791842718677,17.31442538476672
1.92,18.38477631085024,18.38477631085024,18.066502426041872,17.603830580654723,17.56558796600584
1.93,17.08800749063506,17.08800749063506,17.328751506818307,17.504983487538016,17.917866985330612
1.94,18.027756377319946,18.027756377319946,17.889534017971098,18.156947818341628,18.183038162049417
1.95,19.1049731745428,19.1049731745428,19.155135809254816,18.68844699129646,18.251145374678096
1.96,18.027756377319946,18.027756377319946,18.017378324976995,18.25385551982888,18.227660501702637
1.97,17.804493814764854,17.804493814764854,17.83824053963404,17.993580715729895,18.390413082373396
1.98,19.1049731745428,19.1049731745428,18.99216412342588,18.69855307776085,18.795848643609887
1.99,19.0,19.0,19.223409467647176,19.304109025862108,19.05464417825547
2.0,19.1049731745428,19.1049731745428,18.770575547828784,18.972966012637972,18.751219578232508
2.01,17.804493814764854,17.804493814764854,18.22176603517748,18.003724467265485,18.04938876935266
2.02,17.88854381999832,17.88854381999832,17.43436263057723,17.34110566587509,17.641180466058863
2.03,17.029386365926403,17.029386365926403,17.472871036456404,17.89679532717449,17.995600057448122
2.04,19.79898987322333,19.79898987322333,19.39791159032078,19.02705570873237,18.79265272148327
2.05,19.1049731745428,19.1049731745428,19.4599368982988,19.345474400733693,19.251482419179812
2.06,18.681541692269406,18.681541692269406,18.34873989213608,18.948658799644722,18.97327636122318
2.07,18.60107523773827,18.60107523773827,18.948624920488104,18.36253309885004,18.324186579018345
2.08,18.110770276274835,18.110770276274835,17.72067593977081,17.758775872535097,17.976153248722326
2.09,17.0,17.0,17.434986424039593,17.978847716156253,18.163611063557077
2.1,19.924858845171276,19.924858845171276,19.468114434324637,18.835430733934842,18.483954410682145
2.11,18.027756377319946,18.027756377319946,18.473930937011346,18.697762904469577,18.45508462234692
2.12,18.0,18.0,17.58442534243212,17.815558107291494,18.129504633891578
2.13,17.804493814764854,17.804493814764854,18.194146301354863,17.801043482390476,17.97708862363129
2.14,18.439088914585774,18.439088914585774,18.050202092334228,18.377640168332725,18.231869564886598
2.15,18.38477631085024,18.38477631085024,18.800880913971987,18.583936434486272,18.59054364554276
2.16,19.1049731745428,19.1049731745428,18.65109359437496,18.689979138084944,18.618730353966676
2.17,17.804493814764854,17.804493814764854,18.27832908490278,18.57517672780868,18.311850664965647
2.18,18.867962264113206,18.867962264113206,18.415207113112263,17.81994008314151,18.104720980433008
2.19,16.970562748477143,16.970562748477143,17.357257359470516,17.802494420577016,18.29980866611241
2.2,19.209372712298546,19.209372712298546,18.914802770590235,19.11151373645516,18.6374150289693
2.21,19.723082923316017,19.723082923316017,19.930925110568126,19.20904977356752,18.625042854098112
2.22,17.204650534085253,17.204650534085253,17.052970889906284,17.581292606286173,18.199507165828663
2.23,17.029386365926403,17.029386365926403,17.159237042655313,17.30643886924632,17.771021766775274
2.24,18.973665961010276,18.973665961010276,18.85017831387522,18.357240227050994,17.662029910846005
2.25,17.720045146669353,17.720045146669353,17.82329788963162,18.025624847567855,17.82199517518039
2.26,17.204650534085253,17.204650534085253,17.15913236653096,17.340831609134963,18.042178088613312
2.27,18.38477631085024,18.38477631085024,18.328597569265067,18.214829778532554,18.156106073102126
2.28,18.788294228055936,18.788294228055936,18.975197673742535,18.75817314325412,18.109824791516957
2.29,17.88854381999832,17.88854381999832,17.575954241489047,17.851771120062917,18.054034111875723
2.3,17.26267650163207,17.26267650163207,17.651676044521718,17.67682012787804,18.220652140540178
2.31,19.4164878389476,19.4164878389476,19.039550433868943,18.73533463454566,18.545856742231123
2.32,18.439088914585774,18.439088914585774,18.69801755255226,19.007074375120425,18.625245111798254
2.33,18.35755975068582,18.35755975068582,18.308109669267523,18.151876630289003,18.228186602721564
2.34,17.720045146669353,17.720045146669353,17.513127142497137,17.52952761335911,17.6879734557978
2.35,16.970562748477143,16.970562748477143,17.41992147832719,17.542542842990365,17.575203548061054
2.36,18.867962264113206,18.867962264113206,18.246377863951423,17.938028033932575,18.024917659411553
2.37,17.4928556845359,17.4928556845359,18.184357123721817,18.601554233847885,18.534344815815714
2.38,19.6468827043885,19.6468827043885,18.985302255933007,18.742112047328924,18.493121505533757
2.39,17.46424919657298,17.46424919657298,18.029184978795065,17.837247628134236,17.880053443581215
2.4,17.029386365926403,17.029386365926403,16.581063107239164,17.124189049901275,17.346110555217535
2.41,17.720045146669353,17.720045146669353,18.070250121357695,17.58680911663449,17.55272320024794
2.42,18.681541692269406,18.681541692269406,18.39601222322846,18.476714261396275,18.460999817229172
2.43,18.681541692269406,18.681541692269406,18.92685649812598,19.215509105468172,19.311377095001227
2.44,20.12461179749811,20.12461179749811,19.9145513410166,19.53913147856499,19.309765685794254
2.45,18.110770276274835,18.110770276274835,18.27855616296879,18.565081617127642,18.375607467336167
2.46,17.204650534085253,17.204650534085253,17.079223545285142,16.862935472611003,17.241741863905364
2.47,16.401219466856727,16.401219466856727,16.508198145308214,16.592904270555827,16.781123349866675
2.48,17.4928556845359,17.4928556845359,17.353489964073685,17.65057464155195,17.236175850621592
2.49,18.60107523773827,18.60107523773827,18.83419386563547,18.110159482761397,18.12041537321437
2.5,18.110770276274835,18.110770276274835,17.74272784823976,18.381958845253973,18.760579499691044
2.51,18.60107523773827,18.60107523773827,19.094736071274554,19.213220282650447,18.84164334012744
2.52,20.248456731316587,20.248456731316587,19.70029886787561,18.816963133160538,18.538981539672754
2.53,16.15549442140351,16.15549442140351,16.643781881458192,17.486310350762885,18.233000225651583
2.54,18.35755975068582,18.35755975068582,18.044107204637406,17.971935141258264,18.08041699825139
2.55,19.4164878389476,19.4164878389476,19.485379697541127,18.954772616000547,17.959931086789375
2.56,17.204650534085253,17.204650534085253,17.378337440937507,17.806591473317265,17.882464399465356
2.57,17.46424919657298,17.46424919657298,17.118646488874614,17.050638234769824,18.108931260405353
2.58,18.35755975068582,18.35755975068582,18.76287275144553,18.833878539863186,18.645055899266474
2.59,20.6155281280883,20.6155281280883,20.266777784107965,19.975783651208893,19.026872045515685
2.6,18.38477631085024,18.38477631085024,18.589689884811246,18.740745583705994,18.92156083154161
2.61,17.46424919657298,17.46424919657298,17.44496835814295,17.849471173859868,18.578513402818004
2.62,19.4164878389476,19.4164878389476,19.247978968334163,18.44611894706216,18.381322570952413
2.63,17.88854381999832,17.88854381999832,18.229906299855347,18.787536165088564,18.28227289283896
2.64,18.35755975068582,18.35755975068582,17.8523090179754,18.077382984926018,18.00157108855533
2.65,17.4928556845359,17.4928556845359,18.165442159505275,17.192773915207745,17.568888439059712
2.66,17.029386365926403,17.029386365926403,16.18976976800792,17.245451123649953,17.353208815943823
2.67,17.26267650163207,17.26267650163207,18.237143543681455,17.962348616562778,17.60989246450537
2.68,20.024984394500787,20.024984394500787,18.99798121902463,18.161183420692147,18.204464661086163
2.69,16.1245154965971,16.1245154965971,17.08191475596336,18.41540172526269,18.77030385681463
2.7,20.808652046684813,20.808652046684813,20.042832970083523,19.3094521546023,19.020151945115476
2.71,19.209372712298546,19.209372712298546,19.71153002089138,19.276729470020157,18.955802053332967
2.72,17.4928556845359,17.4928556845359,17.245817532876405,18.37406650941051,18.820315961612906
2.73,19.209372712298546,19.209372712298546,19.28427083771404,18.454340871514532,18.74979082563176
2.74,19.026297590440446,19.026297590440446,19.004837322730864,18.967231708222023,18.554046965211622
2.75,17.69180601295413,17.69180601295413,17.764511013047503,18.424547435298457,18.054566647191262
2.76,18.027756377319946,18.027756377319946,17.850859594111697,17.26908657347414,17.520917513919528
2.77,16.643316977093235,16.643316977093235,16.912115715659986,16.901210424423915,17.44682089424935
2.78,17.804493814764854,17.804493814764854,17.511413270665543,18.00239609691099,17.900451771680316
2.79,19.235384061671347,19.235384061671347,19.45499794059713,19.124795095918,18.42016332854034
2.8,18.973665961010276,18.973665961010276,18.92331258931157,18.599554014954762,18.64309703776628
2.81,17.46424919657298,17.46424919657298,17.28437749344984,17.98964608122255,18.69600120892748
2.82,18.681541692269406,18.681541692269406,19.090775570015275,18.797076065155224,18.76710981266725
2.83,20.223748416156685,20.223748416156685,19.659121430925936,19.14731366975989,18.65904949522613
2.84,16.76305461424021,16.76305461424021,17.34914533465796,18.174710833848774,18.12044106308194
2.85,18.027756377319946,18.027756377319946,17.57741157145538,17.273558805947605,17.383445267089115
2.86,17.0,17.0,17.1811564720427,16.7150436390028,16.985087614932855
2.87,16.0312195418814,16.0312195418814,16.189694639599914,16.818686171627782,17.09827761428235
2.88,18.439088914585778,18.439088914585778,17.952452005117088,17.914491620385235,17.354200308109114
2.89,17.804493814764854,17.804493814764854,18.529172667949943,17.98044084044514,17.437947783321786
2.9,17.204650534085253,17.204650534085253,16.390301178898437,16.768396847563068,17.555521600172536
2.91,16.278820596099706,16.278820596099706,17.008825556651033,17.344172071873896,17.97883321459277
2.92,20.39607805437114,20.39607805437114,19.90845635282089,19.208114991594876,18.39007178071222
2.93,18.35755975068582,18.35755975068582,18.504582569614698,18.82563782696967,18.230072161809645
2.94,16.492422502470642,16.492422502470642,16.691962458281143,16.98406961873635,17.601512140827325
2.95,17.720045146669353,17.720045146669353,17.26680120483192,16.75879834537691,17.24758862289815
2.96,17.029386365926403,17.029386365926403,17.569195580985102,17.863284988217778,17.580698067025384
2.97,19.026297590440446,19.026297590440446,18.59323151916469,18.562818726882806,18.192404900763844
2.98,18.35755975068582,18.35755975068582,18.520117719172184,18.48075760039307,18.446996675842065
2.99,17.720045146669353,17.720045146669353,17.916291290478362,17.922454215936597,18.219109197863208
3.0,18.248287590894655,18.248287590894655,17.703462497778208,17.625312701357565,17.868381407528222
3.01,17.0,17.0,17.789932300942425,18.048406139632206,17.73254519657098
3.02,19.4164878389476,19.4164878389476,18.547452450437675,18.245520892255094,17.888428549122487
3.03,17.0,17.0,17.765714429523364,17.82974303651024,18.24775145986949
3.04,18.439088914585774,18.439088914585774,17.92846493601381,18.148874471042845,18.581034665048044
3.05,19.1049731745428,19.1049731745428,19.273489369120604,19.05605709529253,18.544352711447065
3.06,18.38477631085024,18.38477631085024,18.567429813657593,18.548851137369496,18.05272563103083
3.07,17.46424919657298,17.46424919657298,16.991786400198535,17.113553712338145,17.607824511410996
3.08,16.643316977093235,16.643316977093235,17.296729333491825,17.341313723921246,17.863033203959894
3.09,20.09975124224178,20.09975124224178,19.390366604501896,19.151274501939575,18.793730865875727
3.1,19.209372712298546,19.209372712298546,19.865415062015057,20.09570159415478,19.621247986007855
3.11,20.0,20.0,19.46814861424599,19.438274186668913,19.643920376163354
3.12,18.38477631085024,18.38477631085024,18.766139445689582,18.522095208508425,18.898788938220545
3.13,17.88854381999832,17.88854381999832,17.65175759391233,18.11114026809052,17.967871053778147
3.14,18.027756377319946,18.027756377319946,18.133644682323677,17.693725582380445,17.398240947141666
3.15,17.11724276862369,17.11724276862369,17.144554942891975,17.22747860498803,17.383123664689247
3.16,17.204650534085253,17.204650534085253,17.016962725312318,17.464200923317666,17.7435662228997
3.17,18.60107523773827,18.60107523773827,18.987414679468543,18.20868561446366,18.069508191611177
3.18,18.35755975068582,18.35755975068582,17.754527209571354,18.38450798296672,18.053442675511594
3.19,17.0,17.0,17.786304833716297,17.767694406829897,17.81582875877805
3.2,18.973665961010276,18.973665961010276,18.099038027401235,17.368104479716955,17.774514070022594
3.21,16.1245154965971,16.1245154965971,16.953511948005378,18.056674177626356,18.10302428246623
3.22,20.248456731316587,20.248456731316587,19.589626274285383,18.884714549982,18.467858173798323
3.23,18.38477631085024,18.38477631085024,18.8095070382388,18.505765066313323,18.437958201676107
3.24,16.76305461424021,16.76305461424021,16.549213376417185,17.720922095005033,18.017260279094213
3.25,18.60107523773827,18.60107523773827,18.701527963374488,17.543184265814357,17.594079425756064
3.26,17.46424919657298,17.46424919657298,17.349594369936113,17.572815470558915,17.467257841080333
3.27,16.55294535724685,16.55294535724685,16.78954507299406,17.680842756473105,17.595329567122526
3.28,19.4164878389476,19.4164878389476,19.00002859940929,17.743217001004332,17.755675175506273
3.29,16.492422502470642,16.492422502470642,17.09607309806635,17.63955119276743,17.80743796712597
3.3,18.027756377319946,18.027756377319946,17.26233432392548,17.89996591095735,17.773835291272604
3.31,18.248287590894655,18.248287590894655,19.134423420360065,17.927031726552315,17.74616618335345
3.32,17.720045146669353,17.720045146669353,16.765041369679388,17.388114939966346,17.76996013660532
3.33,16.278820596099706,16.278820596099706,17.23693603905418,17.76634351333304,17.804212965562495
3.34,20.39607805437114,20.39607805437114,19.512246837731556,18.4117229982189,17.798815592578233
3.35,16.278820596099706,16.278820596099706,17.014414289518903,17.617456606266664,17.82052381481197
3.36,17.46424919657298,17.46424919657298,16.926798162053682,17.247265007521023,17.952441456905984
3.37,18.867962264113206,18.867962264113206,19.19175965574898,18.43235741735448,18.03439078965823
3.38,18.0,18.0,17.88029652379376,18.43893744707218,17.787912654362497
3.39,17.08800749063506,17.08800749063506,17.014986541191398,16.823951250982788,17.28141948548098
3.4,16.278820596099706,16.278820596099706,16.552230374260635,16.463364593783893,16.94320829149016
3.41,17.46424919657298,17.46424919657298,16.96078412637186,17.39080242871559,17.005602630355384
3.42,17.46424919657298,17.46424919657298,18.228988467074657,17.443943060025347,17.24018522734588
3.43,17.4928556845359,17.4928556845359,16.470168712928512,17.16035638965596,17.361981245909227
3.44,16.278820596099706,16.278820596099706,17.488907058590197,17.582858930102535,17.441824594837122
3.45,19.924858845171276,19.924858845171276,18.6724746310269,17.664318561460803,17.75122952570962
3.46,15.620499351813308,15.620499351813308,16.725127917599593,17.86032008884419,18.309985111964068
3.47,20.248456731316587,20.248456731316587,19.468648177643082,19.198342180990547,18.774248299014644
3.48,19.849433241279208,19.849433241279208,20.200298294944858,19.474667760016118,18.867395408853618
3.49,17.11724276862369,17.11724276862369,17.193185830621776,18.08132001457451,18.76523346647597
3.5,18.867962264113206,18.867962264113206,18.467023902940838,18.193258021562578,18.779144849820256
3.51,19.235384061671347,19.235384061671347,19.79825151571017,19.54945453944253,18.789352056753856
3.52,19.209372712298546,19.209372712298546,18.65872627037197,18.857934931991572,18.40753283456027
3.53,16.55294535724685,16.55294535724685,16.949556947029762,16.98776336247749,17.634220393267526
3.54,16.76305461424021,16.76305461424021,16.603815814107538,16.633963918383806,16.933240134290205
3.55,17.4928556845359,17.4928556845359,17.395497277918942,17.101162255043633,16.689828142797428
3.56,16.55294535724685,16.55294535724685,16.873958023420773,17.18161405114195,16.958067515936193
3.57,18.0,18.0,17.519328421494386,17.56680620183566,17.688239891392346
3.58,18.38477631085024,18.38477631085024,18.949818076213536,18.537108957601134,18.797916373401534
3.59,19.924858845171276,19.924858845171276,19.35050404125167,19.741067808231456,19.917342258110214
3.6,20.248456731316587,20.248456731316587,20.76102702165695,20.758055668733974,20.400267549564564
3.61,21.02379604162864,21.02379604162864,20.637982985048673,20.31023639941558,19.893889443912666
3.62,17.88854381999832,17.88854381999832,18.09567254909482,18.37989964914759,18.80953458865677
3.63,17.46424919657298,17.46424919657298,17.462292722392768,17.42785774748277,17.9548900406944
3.64,18.439088914585778,18.439088914585778,18.247004402081856,18.180098173806062,17.721714871610498
3.65,18.027756377319946,18.027756377319946,18.360565446479335,18.37177088780087,17.874232282222188
3.66,18.0,18.0,17.614751336113695,17.560888835278575,18.050906854578916
3.67,17.204650534085253,17.204650534085253,17.537901509258695,17.745483586697404,18.133137123488087
3.68,19.1049731745428,19.1049731745428,18.91776070289675,18.703617566690987,18.14265759231978
3.69,18.38477631085024,18.38477631085024,18.369050445319925,18.38113317417851,18.111088069078683
3.7,17.029386365926403,17.029386365926403,17.25058180173818,17.407363656490503,18.082474645312857
3.71,18.38477631085024,18.38477631085024,18.01052215098693,17.84356232438413,18.035421782123898
3.72,18.110770276274835,18.110770276274835,18.546961735279783,18.70575190871867,17.880386416745928
3.73,18.439088914585774,18.439088914585774,18.04423431345009,17.8740372982264,17.70210947141895
3.74,16.492422502470642,16.492422502470642,16.758138835310785,16.783509935928713,17.773213337740373
3.75,17.720045146669353,17.720045146669353,17.63598453232155,17.881773226310028,18.085516582206942
3.76,19.723082923316017,19.723082923316017,19.613987634377267,19.304898174082076,18.18442131640122
3.77,17.720045146669353,17.720045146669353,18.00159319020056,18.072915917792074,17.810824743549986
3.78,16.492422502470642,16.492422502470642,16.074694203745373,16.19393362911186,17.36618113053212
3.79,16.55294535724685,16.55294535724685,17.06988154592214,17.00776672333557,17.323713151975095
3.8,19.235384061671343,19.235384061671343,18.64968040164493,18.665782853726935,17.53267543096556
3.81,17.46424919657298,17.46424919657298,18.09396033291621,17.938092031593655,17.59883562530082
3.82,17.029386365926403,17.029386365926403,16.3811961991579,16.600864081735573,17.62031581746385
3.83,17.029386365926403,17.029386365926403,17.66209418190927,17.657046799079772,17.970398639424975
3.84,20.248456731316587,20.248456731316587,19.676346409829094,19.431614021766066,18.56188518157097
3.85,18.38477631085024,18.38477631085024,18.84667877770176,19.09803493209385,18.868928549140456
3.86,18.248287590894655,18.248287590894655,17.936401676376835,17.837673638419524,18.58846179584937
3.87,17.69180601295413,17.69180601295413,17.83847063218924,17.801839123788064,17.898142667975772
3.88,17.720045146669353,17.720045146669353,17.721120639113046,17.89391170793555,17.176068845250708
3.89,17.08800749063506,17.08800749063506,16.987224237427853,16.703407385826008,16.761652223599214
3.9,15.811388300841896,15.811388300841896,15.94498698312583,16.08917101894993,16.82852971153655
3.91,17.26267650163207,17.26267650163207,17.164953372970388,17.41646617193443,17.208956090862923
3.92,18.60107523773827,18.60107523773827,18.608505169767046,18.18447773741907,17.486766649643606
3.93,17.029386365926403,17.029386365926403,17.1424241296997,17.147921316860888,17.469704356309876
3.94,16.55294535724685,16.55294535724685,16.31658295927292,16.897994679572452,17.38849488301885
3.95,18.027756377319946,18.027756377319946,18.365006125747282,17.838641078474687,17.48198753609324
3.96,18.439088914585778,18.439088914585778,18.041273536837956,17.754283452265888,17.62258591576164
3.97,15.811388300841898,15.811388300841898,16.22669371526169,17.232296101694445,17.525988789856186
3.98,18.60107523773827,18.60107523773827,18.193468820860385,17.433175954181163,17.202159837004444
3.99,17.204650534085253,17.204650534085253,17.612151785605274,17.288461210144483,17.07816146991466
4.0,16.401219466856727,16.401219466856727,15.958558466639905,17.195688285178328,17.602186643890768
4.01,19.0,19.0,19.511712555322923,18.390679837042846,18.642020677000815
4.02,20.248456731316587,20.248456731316587,19.673841996732364,19.734126173671854,19.414552808360156
4.03,18.110770276274835,18.110770276274835,18.67934770841498,19.740930835068546,19.260098943755303
4.04,20.09975124224178,20.09975124224178,19.656769849088093,18.33066948998981,18.423340928483235
4.05,16.278820596099706,16.278820596099706,16.47110916147414,16.99944246575516,17.788538769561494
4.06,17.029386365926403,17.029386365926403,17.163653412694437,17.759277634460886,17.82906984037804
4.07,20.615528128088304,20.615528128088304,20.162351669515672,19.139534666429395,18.15393592016526
4.08,17.08800749063506,17.08800749063506,17.77301989788732,18.29741318421299,18.227676105003674
4.09,17.804493814764854,17.804493814764854,17.016666602233066,17.15201507591773,18.11359823033057
4.1,17.69180601295413,17.69180601295413,18.460718221451508,18.21450011312173,18.17121292809973
4.11,19.79898987322333,19.79898987322333,19.125168793865008,19.137853569634963,18.394363745126675
4.12,17.804493814764854,17.804493814764854,18.366882890814047,18.305466960299846,18.47363989056221
4.13,17.88854381999832,17.88854381999832,17.405602805746163,17.849633922018462,18.29129325794617
4.14,18.38477631085024,18.38477631085024,18.8387089858594,18.254595278256403,18.026824328357222
4.15,18.439088914585778,18.439088914585778,17.978621580039096,18.088884046934425,17.892079119885743
4.16,16.643316977093235,16.643316977093235,17.111568460423182,17.73870190052927,17.929423757478098
4.17,19.235384061671347,19.235384061671347,18.787145798059402,17.853692821602014,17.983943836930173
4.18,17.029386365926403,17.029386365926403,17.426745165733266,17.91331610782914,17.832807213523555
4.19,17.69180601295413,17.69180601295413,17.349969866166845,17.715820622943415,17.450485498059486
4.2,17.804493814764854,17.804493814764854,18.12490196146021,17.200799225607017,17.14846868056974
4.21,16.401219466856727,16.401219466856727,16.043030753440213,16.794930977509143,17.287955422020126
4.22,17.204650534085253,17.204650534085253,17.653114933159124,17.597333920608737,17.789485196335253
4.23,19.924858845171276,19.924858845171276,19.37034299198848,18.808260655820533,18.145532799158865
4.24,17.11724276862369,17.11724276862369,17.747061029386145,18.45719337254733,18.09038922268905
4.25,18.35755975068582,18.35755975068582,17.714669079674223,17.279292583933085,17.987123066772938
4.26,17.11724276862369,17.11724276862369,17.70886556878233,17.66148981800815,18.235200151594775
4.27,19.209372712298546,19.209372712298546,18.70900280277767,19.214779765484167,18.558721612075512
4.28,19.313207915827967,19.313207915827967,19.716811955076217,19.095976847488746,18.3690763990668
4.29,17.26267650163207,17.26267650163207,16.93596702850852,17.16624685902204,17.71874474874958
4.3,16.0312195418814,16.0312195418814,16.30667486481415,16.623226127849865,17.3385519833587
4.31,18.788294228055936,18.788294228055936,18.548889532705644,18.07976849635429,17.65462994928648
4.32,18.38477631085024,18.38477631085024,18.589020181770696,18.763726016489166,18.25490395319367
4.33,18.248287590894655,18.248287590894655,18.08563412997998,18.192269529848225,18.492201537416598
4.34,18.027756377319946,18.027756377319946,18.145028448336603,18.054741367130376,18.236484631534815
4.35,18.110770276274835,18.110770276274835,18.03417321384717,18.032573285949702,17.837350730846797
4.36,17.4928556845359,17.4928556845359,17.541020546470328,17.430845833820353,17.588884336827576
4.37,17.08800749063506,17.08800749063506,17.05509857957951,17.338464507893413,17.444603282044213
4.38,17.804493814764854,17.804493814764854,17.828045318566183,17.6589296616439,17.223930535155038
4.39,17.204650534085253,17.204650534085253,17.19571857185621,16.979098101414397,16.955715205284065
4.4,15.811388300841898,15.811388300841898,15.794797739048008,16.24286694872304,16.860853316967123
4.41,17.26267650163207,17.26267650163207,17.306732084659608,17.0369325439447,17.00022267248957
4.42,18.027756377319946,18.027756377319946,17.979142678050188,17.903162896068935,17.192572761600598
4.43,17.08800749063506,17.08800749063506,17.087300264723293,17.33728684053512,17.374633386130007
4.44,17.11724276862369,17.11724276862369,17.241898825590006,16.990579852497632,17.71949409474552
4.45,18.248287590894655,18.248287590894655,17.92869790059884,18.161189441541758,18.204349840365502
4.46,18.681541692269406,18.681541692269406,19.23409495149972,19.0777646090848,18.41003944751678
4.47,19.1049731745428,19.1049731745428,18.336562462630372,18.261398107846446,18.072175954895705
4.48,15.811388300841896,15.811388300841896,16.718821090356613,17.059702135751117,17.567873444820346
4.49,18.439088914585778,18.439088914585778,17.512127540060426,17.110084728291238,17.468439520264678
4.5,17.029386365926403,17.029386365926403,17.846992416547664,18.027126643890995,17.751387562849338
4.51,18.788294228055936,18.788294228055936,18.18174162877795,18.352639678886444,17.85502215571183
4.52,17.46424919657298,17.46424919657298,17.81136756928845,17.44104817345465,17.50134016376506
4.53,16.401219466856727,16.401219466856727,16.3012513974231,16.529086266328573,17.082404928915537
4.54,17.029386365926403,17.029386365926403,16.94372729998822,17.049442652754504,17.094681333299697
4.55,18.027756377319946,18.027756377319946,18.21137363663555,17.98749965184177,17.49670853132416
4.56,18.110770276274835,18.110770276274835,17.917634133979416,17.883169844655043,17.863942885008683
4.57,17.204650534085253,17.204650534085253,17.338738884594687,17.655213152115863,17.971340988406006
4.58,18.248287590894655,18.248287590894655,18.209970063461512,18.029629435615927,17.952904866754714
4.59,18.439088914585778,18.439088914585778,18.377591831632863,18.066972907718025,17.983522516879233
4.6,17.11724276862369,17.11724276862369,17.260538608009554,17.87483535229024,18.03155120354291
4.61,18.60107523773827,18.60107523773827,18.398771289072286,18.066719817730984,17.954875570851133
4.62,18.027756377319946,18.027756377319946,18.275316094260795,17.946649829416625,17.761557864153506
4.63,17.029386365926403,17.029386365926403,16.740695652331286,17.51161402896313,17.687933074791843
4.64,18.027756377319946,18.027756377319946,18.349280351404506,17.7420542961777,17.93052424500965
4.65,18.788294228055936,18.788294228055936,18.46412850878935,18.439348144322867,18.34011285589988
4.66,17.804493814764854,17.804493814764854,18.073457888881567,18.720993965167487,18.53096078790363
4.67,19.313207915827967,19.313207915827967,19.16887988306456,18.348836647690092,18.330863399509308
4.68,17.46424919657298,17.46424919657298,17.436562795200288,17.8570258112209,18.009153744805772
4.69,17.46424919657298,17.46424919657298,17.65528751840943,17.91512581475048,17.962064427747237
4.7,19.209372712298546,19.209372712298546,18.933467086910237,18.22865633388578,18.212940070696163
4.71,17.46424919657298,17.46424919657298,17.694453834350785,18.289717625866743,18.347604818966232
4.72,18.35755975068582,18.35755975068582,18.31156579094535,18.207471881539476,18.002127804101065
4.73,18.110770276274835,18.110770276274835,17.878009989673807,17.600218542645386,17.356004381315138
4.74,15.811388300841898,15.811388300841898,16.335442300632483,16.60240851166114,17.011545376943978
4.75,17.69180601295413,17.69180601295413,16.95617214149819,16.877415386695997,17.298596170414026
4.76,17.46424919657298,17.46424919657298,18.25875640843889,18.332282977157085,17.837210319638952
4.77,19.4164878389476,19.4164878389476,18.747990024942503,18.52630486789618,18.012260052857194
4.78,16.76305461424021,16.76305461424021,17.138038963252633,17.328809879044694,17.767364565779474
4.79,16.970562748477143,16.970562748477143,16.995340598369182,17.09460963746819,17.596157780334273
4.8,18.867962264113206,18.867962264113206,18.423880359625112,18.080079132562,17.79567104934002
4.81,17.46424919657298,17.46424919657298,18.25969547751892,18.545108655790738,18.113724016181518
4.82,19.1049731745428,19.1049731745428,18.092676279538793,18.085100341568477,18.18845376139713
4.83,16.76305461424021,16.76305461424021,17.824146937482993,17.60737511381834,17.987539751604828
4.84,18.38477631085024,18.38477631085024,17.44185951925509,17.634087125868874,17.684757115520718
4.85,17.029386365926403,17.029386365926403,17.716924328383662,17.76921429977989,17.398222253069008
4.86,18.027756377319946,18.027756377319946,17.683940790799742,17.424956654661877,17.26459415689003
4.87,17.08800749063506,17.08800749063506,17.057076118659708,17.21279272841855,17.539773674782147
4.88,17.46424919657298,17.46424919657298,17.845966066902612,18.05977805443234,18.28093722276943
4.89,20.248456731316587,20.248456731316587,19.58248153263749,19.123271472041893,18.9873354005332
4.9,18.027756377319946,18.027756377319946,18.88780891017514,19.140062798144072,18.927505552897692
4.91,18.867962264113206,18.867962264113206,17.909520935288846,18.187510087431694,17.981980516170974
4.92,16.492422502470642,16.492422502470642,17.458084041637257,16.837082768433724,16.95379016215327
4.93,16.76305461424021,16.76305461424021,15.87674646241554,16.260361494326446,16.79081240961252
4.94,16.492422502470642,16.492422502470642,17.213376686508205,17.46531578306505,17.513115460715863
4.95,19.924858845171276,19.924858845171276,19.453336332600188,18.800303422445708,18.176331950658955
4.96,17.69180601295413,17.69180601295413,17.843561870927708,18.263934962837332,18.03081448879679
4.97,16.643316977093235,16.643316977093235,16.850056571689073,17.02551643128149,17.435865147331633
4.98,18.027756377319946,18.027756377319946,17.468686917658715,16.936178571548048,17.325449933852898
4.99,16.76305461424021,16.76305461424021,17.62267079976456,17.96871722730448,17.955527787919202
5.0,20.0,20.0,18.925557619394407,19.068330785584322,18.59995146318746
5.01,18.110770276274835,18.110770276274835,19.29786436976792,18.891695581918498,18.542849677341877
5.02,18.60107523773827,18.60107523773827,17.403935759110382,17.572651650183282,17.993910427476656
5.03,15.811388300841898,15.811388300841898,16.926880752036254,17.192885057062725,17.705822849126292
5.04,19.4164878389476,19.4164878389476,18.45594715175485,18.104050098205455,17.888866745854912
5.05,17.720045146669353,17.720045146669353,18.475202743046644,18.438704356843374,17.988415003746958
5.06,17.804493814764854,17.804493814764854,17.282009776424154,17.728849236612575,17.60295034989144
5.07,17.0,17.0,17.280897611475886,16.91818834671222,17.172134021684624
5.08,17.204650534085253,17.204650534085253,17.16307376500423,16.95084749137088,17.436714312755402
5.09,18.0,18.0,17.810783902601123,18.48386499302498,18.406953933822443
5.1,19.924858845171276,19.924858845171276,20.330269276379788,19.93134276980031,19.243414614099215
5.11,20.248456731316587,20.248456731316587,19.649355587836233,19.187826636493114,19.22229970112523
5.12,16.15549442140351,16.15549442140351,16.919393423517636,17.894818555287245,18.50495770746335
5.13,19.235384061671347,19.235384061671347,18.3359574334291,17.891076008960482,17.78732585741699
5.14,17.46424919657298,17.46424919657298,18.473191717173748,17.779055002384148,17.49457414566431
5.15,17.26267650163207,17.26267650163207,16.17439622952276,17.435805405001027,17.573682680368485
5.16,17.46424919657298,17.46424919657298,18.580025341458008,17.968148755638637,17.847106342806782
5.17,20.0,20.0,18.943406497561963,18.29131617813418,18.257477644254475
5.18,16.1245154965971,16.1245154965971,17.009041963117546,18.32734015357397,18.741752679794246
5.19,20.615528128088304,20.615528128088304,20.007401746547167,19.18096214686746,19.039672839894955
5.2,19.313207915827967,19.313207915827967,19.59408773754211,19.353638096216283,18.860061795048296
5.21,17.11724276862369,17.11724276862369,17.13250173152649,18.040729520846853,18.288591355874317
5.22,18.439088914585774,18.439088914585774,18.234228833392617,17.420178088362874,17.803347814623443
5.23,17.46424919657298,17.46424919657298,17.716209734884586,18.024541897475345,17.77068911659222
5.24,18.248287590894655,18.248287590894655,18.075178627170118,18.254952361283856,18.0828614598228
5.25,18.60107523773827,18.60107523773827,18.626901438969306,18.116739394430276,18.358004505006605
5.26,17.69180601295413,17.69180601295413,17.810923103687003,18.438293620023646,18.371621992807093
5.27,19.1049731745428,19.1049731745428,18.8982608888432,18.507019414127864,18.237416385289947
5.28,17.88854381999832,17.88854381999832,18.103060201989237,17.928572019555993,18.20503102518029
5.29,17.46424919657298,17.46424919657298,17.312646881318443,17.97192318468398,18.289874700280038
5.3,19.1049731745428,19.1049731745428,19.149481249783523,18.55737720508774,18.174434610300686
5.31,17.88854381999832,17.88854381999832,17.96656442738351,17.966159936549346,17.61542433524659
5.32,16.15549442140351,16.15549442140351,15.963859013821152,16.538535677796588,16.875949142051518
5.33,16.492422502470642,16.492422502470642,16.76644857477408,16.133694024731152,16.511918486936075
5.34,17.08800749063506,17.08800749063506,16.786278256651173,16.942260720749573,16.743509266064834
5.35,17.0,17.0,17.25391941145123,17.708411618720426,17.2670436457718
5.36,18.38477631085024,18.38477631085024,18.261425534307556,17.568544089196173,17.673619415260077
5.37,17.0,17.0,16.92706915808078,17.252468757500885,17.806453608602908
5.38,17.204650534085253,17.204650534085253,17.496912676690997,17.827225599579293,17.697831819143403
5.39,19.235384061671347,19.235384061671347,18.757077147053877,18.13910245969044,17.473673468078132
5.4,16.401219466856727,16.401219466856727,16.982324641430218,17.23599245874091,17.434094093655528
5.41,17.46424919657298,17.46424919657298,16.88987223964465,17.186718637198133,17.87172267747949
5.42,18.681541692269406,18.681541692269406,19.143744434707557,18.763442342419417,18.578870927585566
5.43,19.723082923316017,19.723082923316017,19.44762037747538,19.403268996300277,18.84787673297069
5.44,17.69180601295413,17.69180601295413,17.754757066638255,18.18427758820825,18.249184267602764
5.45,17.11724276862369,17.11724276862369,17.237502683279757,16.903394376310516,17.22197858069247
5.46,17.0,17.0,16.772364161760812,16.61628128568597,16.663730540112063
5.47,16.278820596099706,16.278820596099706,16.516450411043415,17.11714392955411,17.017817695047526
5.48,18.681541692269406,18.681541692269406,18.51598914015821,17.91599392883245,17.90152588334506
5.49,18.439088914585778,18.439088914585778,18.501968947917774,18.59893218275574,18.587380228690265
5.5,18.38477631085024,18.38477631085024,18.384615719484138,18.926737385152457,18.72680372824014
5.51,19.235384061671343,19.235384061671343,19.273723745415417,18.508434767122754,18.554355457859216
5.52,17.804493814764854,17.804493814764854,17.603377852626462,17.93925596085193,18.444695876088538
5.53,17.720045146669353,17.720045146669353,18.182075275381745,18.510191912204213,18.415849727326552
5.54,20.248456731316587,20.248456731316587,19.495735004646086,18.97967170923139,18.225660983675702
5.55,16.643316977093235,16.643316977093235,17.63079659897928,17.708208049865366,17.890671649443114
5.56,17.69180601295413,17.69180601295413,16.599871757954368,16.93286866801578,17.755634987498176
5.57,17.26267650163207,17.26267650163207,18.28822547817758,18.175548153513002,17.92541415224727
5.58,19.924858845171276,19.924858845171276,19.13059643986098,18.682314423095374,18.018293836590175
5.59,16.492422502470642,16.492422502470642,16.944998252165693,17.506898167703202,17.72802456468901
5.6,17.08800749063506,17.08800749063506,16.995411672454146,16.980128376389715,17.306081004511526
5.61,18.027756377319946,18.027756377319946,17.846357841226894,17.280962041815897,17.21775727679627
5.62,16.643316977093235,16.643316977093235,16.930242045503604,17.470133796248682,17.537031013479705
5.63,18.35755975068582,18.35755975068582,18.164852625116275,18.12471207904964,17.932697712658083
5.64,18.867962264113206,18.867962264113206,18.799031376950424,18.55585647589025,18.16626332531966
5.65,17.4928556845359,17.4928556845359,17.903886740069414,17.88194029166199,18.331389518244624
5.66,18.248287590894655,18.248287590894655,17.530474777683033,17.885437728906073,18.470369262081377
5.67,18.027756377319946,18.027756377319946,18.906669103814547,18.797271942541443,18.230232490335542
5.68,19.4164878389476,19.4164878389476,18.592532661912365,17.987301716619225,17.332648999714692
5.69,14.317821063276352,14.317821063276352,14.86651199977091,15.85947255659461,16.292088336199797
5.7,16.1245154965971,16.1245154965971,16.002886927618114,15.480933748644686,16.10859547398362
5.71,18.027756377319946,18.027756377319946,17.69087230631409,17.19082988313527,17.092293923016058
5.72,17.0,17.0,17.698642549211293,18.953534714760465,18.39597424685587
5.73,21.095023109728988,21.095023109728988,20.2192446583383,19.12202106781661,18.92371155079746
5.74,17.029386365926403,17.029386365926403,17.879278483051728,17.949891428565635,18.444539408717212
5.75,17.0,17.0,16.331586345969846,17.359222789519396,17.605003159447115
5.76,18.35755975068582,18.35755975068582,18.770373575788696,17.50917296909857,17.073005824438095
5.77,16.76305461424021,16.76305461424021,16.603756060987045,17.049324141089794,16.979716978088724
5.78,16.1245154965971,16.1245154965971,16.07917848377354,16.725747795431026,17.076834832624026
5.79,18.110770276274835,18.110770276274835,18.294747400212827,17.234976565674643,17.11148346914906
5.8,17.0,17.0,16.744915310313274,17.29717380770027,17.04091758989927
5.81,16.278820596099706,16.278820596099706,16.54001430894628,16.85855646389593,17.038538186583388
5.82,18.110770276274835,18.110770276274835,17.90145734236514,17.069451016206628,17.280299328193912
5.83,17.029386365926403,17.029386365926403,17.14820411207181,17.824809726251992,17.704778722729753
5.84,18.35755975068582,18.35755975068582,18.33261293706088,18.291828775601893,18.063051886246136
5.85,18.788294228055936,18.788294228055936,18.75803157530453,18.156307094496803,18.20263550741631
5.86,17.11724276862369,17.11724276862369,17.134385584693092,17.933601256439424,18.182648588808952
5.87,18.439088914585774,18.439088914585774,18.503150988506,18.077141739606468,18.078015813998785
5.88,18.439088914585778,18.439088914585778,18.259064191085418,18.037031717012056,17.826995079174456
5.89,16.492422502470642,16.492422502470642,16.772111244472903,17.4467067325238,17.39142548353277
5.9,17.804493814764854,17.804493814764854,17.48444532728823,16.832790639495645,16.948952578350273
5.91,16.1245154965971,16.1245154965971,16.41193209925189,16.631866340751895,16.75932811329666
5.92,16.76305461424021,16.76305461424021,16.56063583482903,16.87121998465397,16.863005490719342
5.93,17.720045146669353,17.720045146669353,17.827303797528415,17.220945309935814,17.044407838127384
5.94,16.76305461424021,16.76305461424021,16.718853095993904,17.223999215808014,17.120001815193863
5.95,17.0,17.0,17.038348332368564,16.954772625890506,17.136729227414367
5.96,17.46424919657298,17.46424919657298,17.3708647335959,16.969189440872952,17.208596998310224
5.97,16.643316977093235,16.643316977093235,16.84290836843615,17.46829209807858,17.2970253910349
5.98,18.439088914585778,18.439088914585778,18.093447928016165,17.714673279625277,17.33407775928256
5.99,17.0,17.0,17.524309441870393,17.32887409115564,17.488872563953436
6.0,17.69180601295413,17.69180601295413,16.964083926347115,17.583419995451585,18.037809025318413
6.01,18.60107523773827,18.60107523773827,19.537677975835038,19.01917076335107,18.89539453707087
6.02,21.023796041628636,21.023796041628636,19.90990947647282,19.93150100924563,19.524746136119006
6.03,17.804493814764854,17.804493814764854,19.015071770176007,19.424249255243666,19.47832862825375
6.04,20.248456731316587,20.248456731316587,19.065954045742963,18.59697764853238,18.87560928826466
6.05,17.0,17.0,18.008731204836185,18.220179964314884,18.229304215705508
6.06,18.681541692269406,18.681541692269406,17.979664585658007,18.099208655405967,17.930873126757263
6.07,18.027756377319946,18.027756377319946,18.33369537577631,18.032511091729905,17.998907938033568
6.08,17.720045146669353,17.720045146669353,17.835980422674997,18.072931566674697,18.194911025289958
6.09,18.681541692269406,18.681541692269406,18.18418635266743,18.187973360492272,18.2345665121374
6.1,17.4928556845359,17.4928556845359,18.275057022017418,18.053628920311684,17.9536739936761
6.11,18.248287590894655,18.248287590894655,17.315045268731964,17.53900566550756,17.442231040789597
6.12,16.0312195418814,16.0312195418814,16.968045196507646,16.98369089624112,17.043381283722045
6.13,18.027756377319946,18.027756377319946,17.22259558233558,16.915690976793318,17.103847497529546
6.14,16.76305461424021,16.76305461424021,17.338703676768937,17.694388638686753,17.654188905926254
6.15,18.973665961010276,18.973665961010276,18.6687644340291,18.633123101641374,18.355661410691766
6.16,18.973665961010276,18.973665961010276,19.02963731298061,18.643954982418613,18.772376834900967
6.17,17.804493814764854,17.804493814764854,17.92348729677402,18.358315233393004,18.67518702482256
6.18,18.681541692269406,18.681541692269406,18.487221860798982,18.483116939834147,18.14735250120242
6.19,18.027756377319946,18.027756377319946,18.20523596549444,17.810360078995465,17.540660522317232
6.2,16.643316977093235,16.643316977093235,16.53909152288837,16.75082996955355,17.297065388357485
6.21,17.11724276862369,17.11724276862369,17.143071545051427,17.495450434675924,17.594168165724717
6.22,19.235384061671343,19.235384061671343,19.24122790999001,18.7434796335346,18.128977342150566
6.23,18.248287590894655,18.248287590894655,18.295434677672084,18.18950611085558,18.40061276239099
6.24,17.11724276862369,17.11724276862369,16.92236935811434,17.70214741188357,18.20603966671203
6.25,18.681541692269406,18.681541692269406,19.091371925511183,18.41874309320727,17.821471800011484
6.26,18.867962264113206,18.867962264113206,18.238182782894015,18.11428352740198,17.79284774192697
6.27,16.0312195418814,16.0312195418814,16.809347438487947,17.53335894885057,18.45200633297654
6.28,20.6155281280883,20.6155281280883,19.82049958992235,19.205531329166924,19.419670454497883
6.29,20.0,20.0,20.66299705444522,20.828885633143983,19.786927618367137
6.3,19.6468827043885,19.6468827043885,19.23333563952047,19.345005334806235,19.121353707555617
6.31,17.26267650163207,17.26267650163207,17.37583726784268,17.139731755402423,18.069824081040732
6.32,16.76305461424021,16.76305461424021,16.926168846002604,17.329452666842055,17.594008814641153
6.33,19.313207915827967,19.313207915827967,18.954372498382618,18.483671222605327,17.832964749976142
6.34,17.720045146669353,17.720045146669353,18.17311748774774,18.37163105222971,18.121801577170597
6.35,17.804493814764854,17.804493814764854,17.344640137203683,17.63186167803361,17.955456454922366
6.36,17.4928556845359,17.4928556845359,17.90433746639966,17.31515134753484,17.497204073168728
6.37,17.08800749063506,17.08800749063506,16.751805914566447,17.22511369984543,17.167930513863908
6.38,17.029386365926403,17.029386365926403,17.272815918559342,17.21498703434694,17.115498618422258
6.39,17.804493814764854,17.804493814764854,17.680332194032992,17.332910108116444,17.23363164932939
6.4,17.029386365926403,17.029386365926403,16.99397084795349,17.488329464149764,17.485701093797385
6.41,17.88854381999832,17.88854381999832,18.125187937350113,17.794793566597313,17.95106313776105
6.42,18.867962264113206,18.867962264113206,18.40963051485943,18.393933755290163,18.538461127356328
6.43,18.027756377319946,18.027756377319946,18.68748281980384,19.00492972975335,18.870314576998762
6.44,20.09975124224178,20.09975124224178,19.305190786733625,18.933833723637356,18.64098546542491
6.45,17.029386365926403,17.029386365926403,17.857809178172346,18.006608816201116,18.03835809460422
6.46,17.804493814764854,17.804493814764854,17.05357279935631,17.209800163035748,17.59074717242732
6.47,17.08800749063506,17.08800749063506,17.666250943672374,17.377766347461503,17.5273296362491
6.48,18.110770276274835,18.110770276274835,17.763294287738162,17.89429112306493,17.49954563555663
6.49,17.11724276862369,17.11724276862369,17.22402352402861,17.444331887982592,17.093737474737164
6.5,16.401219466856727,16.401219466856727,16.496924634515782,16.04385677823623,16.443566382343704
6.51,15.652475842498529,15.652475842498529,15.42898492161881,15.634123960910335,16.08815928210007
6.52,16.0312195418814,16.0312195418814,16.294543988668334,16.774564201316597,16.30335806337654
6.53,18.35755975068582,18.35755975068582,18.12346693633282,17.19214518504026,16.83592678868318
6.54,16.0,16.0,16.187042524195142,16.672604888738206,17.275307551139615
6.55,16.970562748477143,16.970562748477143,16.77969286886048,17.370844215986203,17.43842353535872
6.56,19.026297590440446,19.026297590440446,19.328747284340693,18.116350702646255,17.417439666956078
6.57,17.029386365926403,17.029386365926403,16.493163639670072,17.197488138940816,17.45932076636669
6.58,15.811388300841898,15.811388300841898,16.6623958975346,17.03674604426459,17.713888189663464
6.59,20.518284528683193,20.518284528683193,19.354463319862255,18.428892735955692,17.980343586548106
6.6,16.492422502470642,16.492422502470642,17.874842913501023,18.458249071654265,17.90496635492245
6.61,18.439088914585774,18.439088914585774,17.001568688526014,17.071618349161568,17.49177149586437
6.62,15.811388300841896,15.811388300841896,17.111547897728187,16.725027145554908,17.136178720969394
6.63,18.027756377319946,18.027756377319946,17.045538680189654,17.347427822479077,17.107948409961576
6.64,17.204650534085253,17.204650534085253,17.73146463008913,17.61736374380786,17.29258213070693
6.65,17.4928556845359,17.4928556845359,17.49642268915011,17.491883766813103,17.49444095449787
